{"gives": {"id": "minecraft:globe_banner_pattern"}, "max_uses": 12.0, "reputation_discount": 0.05, "wants": {"count": 8.0, "id": "minecraft:emerald"}, "xp": 30.0, "merchant_predicate": {"condition": "minecraft:all_of", "terms": [{"condition": "minecraft:inverted", "term": {"condition": "minecraft:entity_properties", "entity": "this", "predicate": {"nbt": "{Offers:{Recipes:[{}, {}, {}, {}, {}, {}, {}, {}, {}, {}]}}"}}}, {"condition": "minecraft:inverted", "term": {"condition": "minecraft:entity_properties", "entity": "this", "predicate": {"nbt": "{Offers:{Recipes:[{buy:{id:\"minecraft:emerald\",count:8},sell:{id:\"minecraft:globe_banner_pattern\"},xp:30}]}}"}}}, {"condition": "minecraft:entity_properties", "entity": "this", "predicate": {"nbt": "{Offers:{Recipes:[{}, {}, {}, {}, {}, {}, {}, {}]}}"}}]}}