{"additional_wants": {"id": "minecraft:compass"}, "given_item_modifiers": [{"destination": "minecraft:on_woodland_explorer_maps", "function": "minecraft:exploration_map", "search_radius": 100}, {"function": "minecraft:set_name", "name": {"translate": "filled_map.mansion"}, "target": "item_name"}, {"function": "minecraft:filtered", "item_filter": {"items": "minecraft:filled_map", "predicates": {"minecraft:map_id": {}}}, "on_fail": {"function": "minecraft:discard"}}], "gives": {"id": "minecraft:map"}, "max_uses": 12.0, "reputation_discount": 0.05, "wants": {"count": 14.0, "id": "minecraft:emerald"}, "xp": 30.0, "merchant_predicate": {"condition": "minecraft:all_of", "terms": [{"condition": "minecraft:inverted", "term": {"condition": "minecraft:entity_properties", "entity": "this", "predicate": {"nbt": "{Offers:{Recipes:[{}, {}, {}, {}, {}, {}, {}, {}, {}, {}]}}"}}}, {"condition": "minecraft:inverted", "term": {"condition": "minecraft:entity_properties", "entity": "this", "predicate": {"nbt": "{Offers:{Recipes:[{buy:{id:\"minecraft:emerald\",count:14},sell:{id:\"minecraft:filled_map\"},xp:30}]}}"}}}, {"condition": "minecraft:entity_properties", "entity": "this", "predicate": {"nbt": "{Offers:{Recipes:[{}, {}, {}, {}, {}, {}, {}, {}]}}"}}]}}