{"gives": {"id": "minecraft:emerald"}, "max_uses": 16.0, "reputation_discount": 0.05, "wants": {"count": 4.0, "id": "minecraft:rabbit"}, "xp": 2.0, "merchant_predicate": {"condition": "minecraft:all_of", "terms": [{"condition": "minecraft:inverted", "term": {"condition": "minecraft:entity_properties", "entity": "this", "predicate": {"nbt": "{Offers:{Recipes:[{}, {}]}}"}}}, {"condition": "minecraft:inverted", "term": {"condition": "minecraft:entity_properties", "entity": "this", "predicate": {"nbt": "{Offers:{Recipes:[{buy:{id:\"minecraft:rabbit\"},sell:{id:\"minecraft:emerald\"},xp:2}]}}"}}}]}}