{"given_item_modifiers": [{"effects": [{"type": "minecraft:night_vision", "duration": 5.0}, {"type": "minecraft:jump_boost", "duration": 8.0}, {"type": "minecraft:weakness", "duration": 7.0}, {"type": "minecraft:blindness", "duration": 6.0}, {"type": "minecraft:poison", "duration": 14.0}, {"type": "minecraft:saturation", "duration": 7.0}], "function": "minecraft:set_stew_effect"}], "gives": {"id": "minecraft:suspicious_stew"}, "max_uses": 12.0, "reputation_discount": 0.05, "wants": {"id": "minecraft:emerald"}, "xp": 15.0, "merchant_predicate": {"condition": "minecraft:all_of", "terms": [{"condition": "minecraft:inverted", "term": {"condition": "minecraft:entity_properties", "entity": "this", "predicate": {"nbt": "{Offers:{Recipes:[{}, {}, {}, {}, {}, {}, {}, {}]}}"}}}, {"condition": "minecraft:inverted", "term": {"condition": "minecraft:entity_properties", "entity": "this", "predicate": {"nbt": "{Offers:{Recipes:[{buy:{id:\"minecraft:emerald\"},sell:{id:\"minecraft:suspicious_stew\"},xp:15}]}}"}}}, {"condition": "minecraft:entity_properties", "entity": "this", "predicate": {"nbt": "{Offers:{Recipes:[{}, {}, {}, {}, {}, {}]}}"}}]}}