{"given_item_modifiers": [{"function": "minecraft:set_random_dyes", "number_of_dyes": {"type": "minecraft:sum", "summands": [1.0, {"type": "minecraft:binomial", "n": 2.0, "p": 0.75}]}}, {"function": "minecraft:filtered", "item_filter": {"items": "minecraft:leather_helmet", "predicates": {"minecraft:dyed_color": {}}}, "on_fail": {"function": "minecraft:discard"}}], "gives": {"id": "minecraft:leather_helmet"}, "max_uses": 12.0, "reputation_discount": 0.05, "wants": {"count": 5.0, "id": "minecraft:emerald"}, "xp": 30.0, "merchant_predicate": {"condition": "minecraft:all_of", "terms": [{"condition": "minecraft:inverted", "term": {"condition": "minecraft:entity_properties", "entity": "this", "predicate": {"nbt": "{Offers:{Recipes:[{}, {}, {}, {}, {}, {}, {}, {}, {}, {}]}}"}}}, {"condition": "minecraft:inverted", "term": {"condition": "minecraft:entity_properties", "entity": "this", "predicate": {"nbt": "{Offers:{Recipes:[{buy:{id:\"minecraft:emerald\"},sell:{id:\"minecraft:leather_helmet\"},xp:30}]}}"}}}, {"condition": "minecraft:entity_properties", "entity": "this", "predicate": {"nbt": "{Offers:{Recipes:[{}, {}, {}, {}, {}, {}, {}, {}]}}"}}]}}