{"additional_wants": {"count": 2.0, "id": "minecraft:emerald"}, "given_item_modifiers": [{"function": "minecraft:set_random_potion", "options": "#minecraft:tradeable"}], "gives": {"count": 5, "id": "minecraft:tipped_arrow"}, "max_uses": 12.0, "reputation_discount": 0.05, "wants": {"count": 5.0, "id": "minecraft:arrow"}, "xp": 30.0, "merchant_predicate": {"condition": "minecraft:all_of", "terms": [{"condition": "minecraft:inverted", "term": {"condition": "minecraft:entity_properties", "entity": "this", "predicate": {"nbt": "{Offers:{Recipes:[{}, {}, {}, {}, {}, {}, {}, {}, {}, {}]}}"}}}, {"condition": "minecraft:inverted", "term": {"condition": "minecraft:entity_properties", "entity": "this", "predicate": {"nbt": "{Offers:{Recipes:[{buy:{id:\"minecraft:arrow\"},sell:{id:\"minecraft:tipped_arrow\"},xp:30}]}}"}}}, {"condition": "minecraft:entity_properties", "entity": "this", "predicate": {"nbt": "{Offers:{Recipes:[{}, {}, {}, {}, {}, {}, {}, {}]}}"}}]}}