{"gives": {"id": "minecraft:item_frame"}, "max_uses": 12.0, "reputation_discount": 0.05, "wants": {"count": 7.0, "id": "minecraft:emerald"}, "xp": 25.0, "merchant_predicate": {"condition": "minecraft:all_of", "terms": [{"condition": "minecraft:inverted", "term": {"condition": "minecraft:entity_properties", "entity": "this", "predicate": {"nbt": "{Offers:{Recipes:[{}, {}, {}, {}, {}, {}, {}, {}]}}"}}}, {"condition": "minecraft:inverted", "term": {"condition": "minecraft:entity_properties", "entity": "this", "predicate": {"nbt": "{Offers:{Recipes:[{buy:{id:\"minecraft:emerald\",count:7},sell:{id:\"minecraft:item_frame\"},xp:25}]}}"}}}, {"condition": "minecraft:entity_properties", "entity": "this", "predicate": {"nbt": "{Offers:{Recipes:[{}, {}, {}, {}, {}, {}]}}"}}]}}