{"gives": {"id": "minecraft:yellow_banner"}, "max_uses": 12.0, "merchant_predicate": {"condition": "minecraft:all_of", "terms": [{"condition": "minecraft:inverted", "term": {"condition": "minecraft:entity_properties", "entity": "this", "predicate": {"nbt": "{Offers:{Recipes:[{}, {}, {}, {}, {}, {}, {}, {}]}}"}}}, {"condition": "minecraft:inverted", "term": {"condition": "minecraft:entity_properties", "entity": "this", "predicate": {"nbt": "{Offers:{Recipes:[{buy:{id:\"minecraft:emerald\",count:2},sell:{id:\"minecraft:yellow_banner\"},xp:15}]}}"}}}, {"condition": "minecraft:entity_properties", "entity": "this", "predicate": {"nbt": "{Offers:{Recipes:[{}, {}, {}, {}, {}, {}]}}"}}, {"condition": "minecraft:entity_properties", "entity": "this", "predicate": {"predicates": {"minecraft:villager/variant": ["minecraft:plains", "minecraft:jungle"]}}}]}, "reputation_discount": 0.05, "wants": {"count": 2.0, "id": "minecraft:emerald"}, "xp": 15.0}