{"gives": {"id": "minecraft:emerald"}, "max_uses": 16.0, "reputation_discount": 0.05, "wants": {"count": 12.0, "id": "minecraft:light_gray_dye"}, "xp": 20.0, "merchant_predicate": {"condition": "minecraft:all_of", "terms": [{"condition": "minecraft:inverted", "term": {"condition": "minecraft:entity_properties", "entity": "this", "predicate": {"nbt": "{Offers:{Recipes:[{}, {}, {}, {}, {}, {}]}}"}}}, {"condition": "minecraft:inverted", "term": {"condition": "minecraft:entity_properties", "entity": "this", "predicate": {"nbt": "{Offers:{Recipes:[{buy:{id:\"minecraft:light_gray_dye\"},sell:{id:\"minecraft:emerald\"},xp:20}]}}"}}}, {"condition": "minecraft:entity_properties", "entity": "this", "predicate": {"nbt": "{Offers:{Recipes:[{}, {}, {}, {}]}}"}}]}}