{"gives": {"id": "minecraft:iron_helmet"}, "max_uses": 12.0, "reputation_discount": 0.2, "wants": {"count": 5.0, "id": "minecraft:emerald"}, "merchant_predicate": {"condition": "minecraft:all_of", "terms": [{"condition": "minecraft:inverted", "term": {"condition": "minecraft:entity_properties", "entity": "this", "predicate": {"nbt": "{Offers:{Recipes:[{}, {}]}}"}}}, {"condition": "minecraft:inverted", "term": {"condition": "minecraft:entity_properties", "entity": "this", "predicate": {"nbt": "{Offers:{Recipes:[{buy:{id:\"minecraft:emerald\"},sell:{id:\"minecraft:iron_helmet\"}}]}}"}}}]}}