{"gives": {"count": 16, "id": "minecraft:arrow"}, "max_uses": 16.0, "reputation_discount": 0.05, "wants": {"id": "minecraft:emerald"}, "merchant_predicate": {"condition": "minecraft:all_of", "terms": [{"condition": "minecraft:inverted", "term": {"condition": "minecraft:entity_properties", "entity": "this", "predicate": {"nbt": "{Offers:{Recipes:[{}, {}]}}"}}}, {"condition": "minecraft:inverted", "term": {"condition": "minecraft:entity_properties", "entity": "this", "predicate": {"nbt": "{Offers:{Recipes:[{buy:{id:\"minecraft:emerald\"},sell:{id:\"minecraft:arrow\"}}]}}"}}}]}}