{"additional_wants": {"id": "minecraft:emerald"}, "gives": {"count": 10, "id": "minecraft:flint"}, "max_uses": 12.0, "reputation_discount": 0.05, "wants": {"count": 10.0, "id": "minecraft:gravel"}, "merchant_predicate": {"condition": "minecraft:all_of", "terms": [{"condition": "minecraft:inverted", "term": {"condition": "minecraft:entity_properties", "entity": "this", "predicate": {"nbt": "{Offers:{Recipes:[{}, {}]}}"}}}, {"condition": "minecraft:inverted", "term": {"condition": "minecraft:entity_properties", "entity": "this", "predicate": {"nbt": "{Offers:{Recipes:[{buy:{id:\"minecraft:gravel\"},sell:{id:\"minecraft:flint\"}}]}}"}}}]}}