{
  "gives": {
    "count": 4,
    "id": "minecraft:apple"
  },
  "max_uses": 16.0,
  "reputation_discount": 0.05,
  "wants": {
    "id": "minecraft:emerald"
  },
  "xp": 5.0,
  "merchant_predicate": {
    "condition": "minecraft:all_of",
    "terms": [
      {
        "condition": "minecraft:entity_properties",
        "entity": "this",
        "predicate": {
          "nbt": "{Offers:{Recipes:[{},{}]}}"
        }
      },
      {
        "condition": "minecraft:inverted",
        "term": {
          "condition": "minecraft:entity_properties",
          "entity": "this",
          "predicate": {
            "nbt": "{Offers:{Recipes:[{},{},{},{}]}}"
          }
        }
      },
      {
        "condition": "minecraft:inverted",
        "term": {
          "condition": "minecraft:entity_properties",
          "entity": "this",
          "predicate": {
            "nbt": "{Offers:{Recipes:[{buy:{id:\"minecraft:emerald\"},sell:{id:\"minecraft:apple\"}}]}}"
          }
        }
      }
    ]
  }
}
