{"gives": {"id": "minecraft:emerald"}, "max_uses": 12.0, "merchant_predicate": {"condition": "minecraft:all_of", "terms": [{"condition": "minecraft:inverted", "term": {"condition": "minecraft:entity_properties", "entity": "this", "predicate": {"nbt": "{Offers:{Recipes:[{}, {}, {}, {}, {}, {}, {}, {}, {}]}}"}}}, {"condition": "minecraft:inverted", "term": {"condition": "minecraft:entity_properties", "entity": "this", "predicate": {"nbt": "{Offers:{Recipes:[{buy:{id:\"minecraft:oak_boat\"},sell:{id:\"minecraft:emerald\"},xp:30}]}}"}}}, {"condition": "minecraft:entity_properties", "entity": "this", "predicate": {"nbt": "{Offers:{Recipes:[{}, {}, {}, {}, {}, {}, {}]}}"}}, {"condition": "minecraft:entity_properties", "entity": "this", "predicate": {"predicates": {"minecraft:villager/variant": "minecraft:plains"}}}]}, "reputation_discount": 0.05, "wants": {"id": "minecraft:oak_boat"}, "xp": 30.0}