{"additional_wants": {"id": "minecraft:emerald"}, "gives": {"count": 6, "id": "minecraft:cooked_cod"}, "max_uses": 16.0, "reputation_discount": 0.05, "wants": {"count": 6.0, "id": "minecraft:cod"}, "merchant_predicate": {"condition": "minecraft:all_of", "terms": [{"condition": "minecraft:inverted", "term": {"condition": "minecraft:entity_properties", "entity": "this", "predicate": {"nbt": "{Offers:{Recipes:[{}, {}]}}"}}}, {"condition": "minecraft:inverted", "term": {"condition": "minecraft:entity_properties", "entity": "this", "predicate": {"nbt": "{Offers:{Recipes:[{buy:{id:\"minecraft:cod\"},sell:{id:\"minecraft:cooked_cod\"}}]}}"}}}]}}