{"gives": {"id": "minecraft:emerald"}, "max_uses": 12.0, "reputation_discount": 0.05, "wants": {"count": 11.0, "id": "minecraft:glass_pane"}, "xp": 10.0, "merchant_predicate": {"condition": "minecraft:all_of", "terms": [{"condition": "minecraft:inverted", "term": {"condition": "minecraft:entity_properties", "entity": "this", "predicate": {"nbt": "{Offers:{Recipes:[{}, {}, {}, {}]}}"}}}, {"condition": "minecraft:inverted", "term": {"condition": "minecraft:entity_properties", "entity": "this", "predicate": {"nbt": "{Offers:{Recipes:[{buy:{id:\"minecraft:glass_pane\",count:11},sell:{id:\"minecraft:emerald\"},xp:10}]}}"}}}, {"condition": "minecraft:entity_properties", "entity": "this", "predicate": {"nbt": "{Offers:{Recipes:[{}, {}]}}"}}]}}